{
  "tests": [
    {
      "name": "Always Passes Test ",
      "setup": "",
      "run": "./gradlew test --tests MainTest.alwaysPassesTest",
      "input": "",
      "output": "",
      "comparison": "included",
      "timeout": 1,
      "points": 0
    },
    {
      "name": "REPO_NAME constant changed",
      "setup": "",
      "run": "./gradlew test --tests MainTest.testStringsChangedFromDefault",
      "input": "",
      "output": "",
      "comparison": "included",
      "timeout": 1,
      "points": 1
    },
    {
      "name": "Grid Maze Solution",
      "setup": "",
      "run": "./gradlew test --tests MainTest.testGridMazeSolution",
      "input": "",
      "output": "",
      "comparison": "included",
      "timeout": 1,
      "points": 1
    },
    {
      "name": "Complex Maze Solution",
      "setup": "",
      "run": "./gradlew test --tests MainTest.testComplexMazeSolution",
      "input": "",
      "output": "",
      "comparison": "included",
      "timeout": 1,
      "points": 1
    }
  ]
}